<?xml version="1.0" encoding="utf-8" standalone="yes"?>
<rss version="2.0" xmlns:atom="http://www.w3.org/2005/Atom">
  <channel>
    <title>hugo on My New Hugo Site</title>
    <link>https://example.com/tags/hugo/</link>
    <description>Recent content in hugo on My New Hugo Site</description>
    <generator>Hugo -- gohugo.io</generator>
    <language>en-US</language>
    <copyright>Sebastian Pech</copyright>
    <lastBuildDate>Wed, 02 Apr 2014 00:00:00 +0000</lastBuildDate>
    
	<atom:link href="https://example.com/tags/hugo/index.xml" rel="self" type="application/rss+xml" />
    
    
    <item>
      <title>Getting Started with Hugo</title>
      <link>https://example.com/2014/04/getting-started-with-hugo/</link>
      <pubDate>Wed, 02 Apr 2014 00:00:00 +0000</pubDate>
      
      <guid>https://example.com/2014/04/getting-started-with-hugo/</guid>
      <description>Step 1. Install Hugo Go to Hugo releases and download the appropriate version for your OS and architecture.
Save it somewhere specific as we will be using it in the next step.
More complete instructions are available at Install Hugo
Step 2. Build the Docs Hugo has its own example site which happens to also be the documentation site you are reading right now.
Follow the following steps:
 Clone the Hugo repository Go into the repo Run hugo in server mode and build the docs Open your browser to http://localhost:1313  Corresponding pseudo commands:</description>
    </item>
    
  </channel>
</rss>