<?xml version="1.0" encoding="utf-8" standalone="yes"?>
<rss version="2.0" xmlns:atom="http://www.w3.org/2005/Atom">
  <channel>
    <title>Categories on My New Hugo Site</title>
    <link>https://example.com/categories/</link>
    <description>Recent content in Categories on My New Hugo Site</description>
    <generator>Hugo -- gohugo.io</generator>
    <language>en-US</language>
    <copyright>Sebastian Pech</copyright>
    <lastBuildDate>Wed, 02 Apr 2014 00:00:00 +0000</lastBuildDate>
    
	<atom:link href="https://example.com/categories/index.xml" rel="self" type="application/rss+xml" />
    
    
    <item>
      <title>Development</title>
      <link>https://example.com/categories/development/</link>
      <pubDate>Wed, 02 Apr 2014 00:00:00 +0000</pubDate>
      
      <guid>https://example.com/categories/development/</guid>
      <description></description>
    </item>
    
    <item>
      <title>golang</title>
      <link>https://example.com/categories/golang/</link>
      <pubDate>Wed, 02 Apr 2014 00:00:00 +0000</pubDate>
      
      <guid>https://example.com/categories/golang/</guid>
      <description></description>
    </item>
    
  </channel>
</rss>